,Keywords,Documentos,ClassificaÁ„o,Tipo atividade biolÛgica
1,curcuma zedoaria,115,Taxonomia geral,
2,zingiberaceae,46,Taxonomia geral,
3,zedoary turmeric oil,35,Forma de utilizaÁ„o,
4,curcumin,25,Constituinte,
5,apoptosis,24,Mecanismo de aÁ„o,
6,curcuma,24,Taxonomia geral,
7,medicinal plants,18,Outros,
8,Ó≤-elemene,17,Constituinte,
9,essential oil,16,Forma de utilizaÁ„o,
10,antioxidant,14,Atividade biolÛgica,
11,germacrone,14,Constituinte,Antioxidante
12,sesquiterpene,14,Constituinte,
13,sesquiterpenes,14,Constituinte,
14,turmeric,14,Taxonomia geral,
15,zedoary,14,Taxonomia geral,
16,curcumol,13,Constituinte,
17,curdione,12,Constituinte,
18,cytotoxicity,12,Atividade biolÛgica,
19,curcuma longa,11,Taxonomia geral,C‚ncer
20,curcumenol,10,Constituinte,
21,hplc,10,MÈtodo,
22,traditional chinese medicine,10,Etnofarmacologia,
23,antioxidant activity,9,Atividade biolÛgica,
24,antifungal activity,7,Atividade biolÛgica,Antioxidante
25,chinese herbal medicine,7,Etnofarmacologia,Antimicrobiana
26,curcuma aeruginosa,7,,
27,network pharmacology,7,,
28,zedoariae rhizoma,7,,
29,antibacterial activity,6,Atividade biolÛgica,
30,anticancer,6,Atividade biolÛgica,Antimicrobiana
31,antimicrobial activity,6,Atividade biolÛgica,C‚ncer
32,covid-19,6,Atividade biolÛgica,Antimicrobiana
33,curcuminoids,6,,Covid-19
34,drug resistance,6,,
35,essential oils,6,,
36,herbal medicine,6,,
37,medicinal plant,6,,
38,molecular docking,6,,
39,oxidative stress,6,,
40,pharmacokinetics,6,,
41,rapd,6,,
42,rhizomes,6,,
43,zedoarondiol,6,,
44,anti-inflammation,5,,
45,anti-inflammatory,5,,
46,antimicrobial,5,,
47,bioavailability,5,,
48,c. zedoaria,5,,
49,curcuma aromatica,5,,
50,curcuma wenyujin,5,,
51,curcuma xanthorrhiza,5,,
52,cyclooxygenase-2,5,,
53,elemene,5,,
54,essential oil composition,5,,
55,inflammation,5,,
56,natural products,5,,
57,nitric oxide,5,,
58,proliferation,5,,
59,prostaglandin e2,5,,
60,sesquiterpenoids,5,,
61,white turmeric,5,,
62,zedoary oil,5,,
63,zingiber zerumbet,5,,
64,aedes aegypti,4,,
65,anatomy,4,,
66,anti-inflammatory activity,4,,
67,antibacterial,4,,
68,bangladesh,4,,
69,breast cancer,4,,
70,curcuma species,4,,
71,curzerenone,4,,
72,dpph,4,,
73,ethnomedicine,4,,
74,gastric cancer,4,,
75,herbs,4,,
76,liposomes,4,,
77,lung cancer,4,,
78,mechanism,4,,
79,microspheres,4,,
80,phytochemicals,4,,
81,polysaccharide,4,,
82,rhizoma zedoariae,4,,
83,rhizome,4,,
84,sesquiterpenoid,4,,
85,stability,4,,
86,zedoary turmeric oil injection,4,,
87,"1,8-cineole",3,,
88,angiogenesis,3,,
89,antitumor activity,3,,
90,autophagy,3,,
91,bcl-2,3,,
92,c. xanthorrhiza,3,,
93,cancer,3,,
94,cardiovascular diseases,3,,
95,chemical constituents,3,,
96,chemoprevention,3,,
97,chinese medicine,3,,
98,chloranthus multistachys,3,,
99,cox-2,3,,
100,curcuma kwangsiensis,3,,
101,curcuma malabarica,3,,
102,curcuma zedoaria (christm.) roscoe,3,,
103,curcuma zedoaria rosc,3,,
104,curcuma zedoary,3,,
105,curcumenone,3,,
106,cytotoxic activity,3,,
107,endometriosis,3,,
108,extraction,3,,
109,flavonoids,3,,
110,gc-ms,3,,
111,genetic diversity,3,,
112,identification,3,,
113,leukemia,3,,
114,lipopolysaccharide,3,,
115,medicinal herbs,3,,
116,metastasis,3,,
117,mitochondria,3,,
118,multidrug resistance,3,,
119,ovarian cancer,3,,
120,penicillium sp,3,,
121,pharmacodynamics,3,,
122,pharmacognosy,3,,
123,principal component analysis,3,,
124,reactive oxygen species,3,,
125,review,3,,
126,standardization,3,,
127,terpenoids,3,,
128,tissue culture,3,,
129,traditional knowledge,3,,
130,traditional medicine,3,,
131,trnk,3,,
132,trnk gene,3,,
133,volatile oil,3,,
134,18s rrna gene,2,,
135,"4,5-epoxide",2,,
136,5Ó±-reductase,2,,
137,acclimatization,2,,
138,ace2,2,,
139,adulteration,2,,
140,aedes albopictus,2,,
141,aloe vera,2,,
142,alpinia,2,,
143,alpinia conchigera,2,,
144,ames test,2,,
145,anti-inflammatory effect,2,,
146,anti-tumor,2,,
147,antifungal,2,,
148,antimutagenic activity,2,,
149,antinociceptive effect,2,,
150,antioxidant activities,2,,
151,antioxidants,2,,
152,antitumor effects,2,,
153,ar-turmerone,2,,
154,aromatic herb,2,,
155,astragalus membranaceus,2,,
156,atherosclerosis,2,,
157,authentication,2,,
158,bioactive compounds,2,,
159,biological activity,2,,
160,biotransformation,2,,
161,bisdemethoxycurcumin,2,,
162,brain,2,,
163,c. aromatica,2,,
164,c. longa,2,,
165,callus,2,,
166,camphor,2,,
167,caspase,2,,
168,catalase,2,,
169,catechin,2,,
170,cell culture,2,,
171,cell cycle,2,,
172,cell proliferation,2,,
173,cell suspension,2,,
174,cellular proliferation,2,,
175,cervical cancer,2,,
176,characterization,2,,
177,chemical composition,2,,
178,chemotherapy,2,,
179,chinese herb,2,,
180,chinese patent medicine,2,,
181,chloranthus henryi,2,,
182,chromatography,2,,
183,chromosome number,2,,
184,cisplatin,2,,
185,colorectal cancer,2,,
186,composition,2,,
187,concentrated-granules,2,,
188,copper,2,,
189,curcuma amada,2,,
190,curcuma comosa,2,,
191,curcuma longa l,2,,
192,curcuma mangga,2,,
193,curcuma zedoaria roscoe,2,,
194,curcuma zedoaroides,2,,
195,curcumae radix,2,,
196,curcumae rhizoma,2,,
197,curcumin synthase,2,,
198,curcuminoid,2,,
199,curcuzedoalide,2,,
200,cytochrome p450 (cyp),2,,
201,dairy cow,2,,
202,dehydrocurdione,2,,
203,demethoxycurcumin,2,,
204,diarylheptanoid,2,,
205,diarylheptanoids,2,,
206,disc diffusion method,2,,
207,endophytic bacteria,2,,
208,endophytic fungi,2,,
209,fingerprint,2,,
210,flow cytometry,2,,
211,fluorescence spectroscopy,2,,
212,foeniculum vulgare,2,,
213,folk medicine,2,,
214,free radical,2,,
215,free radical scavenging activity,2,,
216,furanodiene,2,,
217,garlic,2,,
218,gas chromatography,2,,
219,ginger,2,,
220,growth,2,,
221,growth inhibition,2,,
222,guaiane,2,,
223,guaiane-type sesquiterpene,2,,
224,h2o2,2,,
225,hepatic fibrosis,2,,
226,hepatoprotective activity,2,,
227,herbal essential oil,2,,
228,herbal powder,2,,
229,herbal remedy,2,,
230,hptlc,2,,
231,hypercholesterolemia,2,,
232,hyperlipidemia,2,,
233,Ó±-glucosidase inhibitor,2,,
234,Ó≤-secretase,2,,
235,Ó≤-turmerone,2,,
236,intron length polymorphism,2,,
237,iran,2,,
238,isocurcumenol,2,,
239,isolation,2,,
240,lc-ms/ms,2,,
241,lipid peroxidation,2,,
242,liver cirrhosis,2,,
243,liver fibrogenesis,2,,
244,lung neoplasms,2,,
245,meta-analysis,2,,
246,micropropagation,2,,
247,molecular authentication,2,,
248,molecular identification,2,,
249,molecular taxonomy,2,,
250,monoterpene,2,,
251,mtt assay,2,,
252,multiple shoots,2,,
253,multivariate data analysis,2,,
254,nanoemulsion,2,,
255,new species,2,,
256,nmr,2,,
257,non-small cell lung cancer,2,,
258,nuclear magnetic resonance,2,,
259,oral administration,2,,
260,oral bioavailability,2,,
261,ovicidal activity,2,,
262,oviposition deterrent,2,,
263,p53,2,,
264,paclitaxel,2,,
265,parasite,2,,
266,pb,2,,
267,peroxidase,2,,
268,phagocytosis,2,,
269,phenolic,2,,
270,phytotherapy,2,,
271,plant essential oil,2,,
272,plant production,2,,
273,pseudo-ternary phase diagram,2,,
274,pulmonary fibrosis,2,,
275,quality control,2,,
276,quality evaluation,2,,
277,radiography,2,,
278,rat,2,,
279,reducing power,2,,
280,retained placenta,2,,
281,ros,2,,
282,rsm,2,,
283,screening,2,,
284,self-emulsifying,2,,
285,sesquiterpene ketolactone,2,,
286,sgc-7901,2,,
287,simplex lattice design,2,,
288,spectrum-effect relationship,2,,
289,starch,2,,
290,steam distillation,2,,
291,structure determination,2,,
292,synergy,2,,
293,telomerase activity,2,,
294,temporary immersion system,2,,
295,terpenes,2,,
296,tnf-Ó±,2,,
297,total phenolics,2,,
298,toxicity,2,,
299,tretinoin,2,,
300,tumor,2,,
301,turmeric characterization,2,,
302,turmeric powder,2,,
303,two-dimensional liquid chromatography,2,,
304,uplc/qtof/ms,2,,
305,vascular endothelial growth factor,2,,
306,vascular smooth muscle cell,2,,
307,wild turmeric,2,,
308,yield,2,,
309,zanthoxylum limonella,2,,
310,zederone,2,,
311,zedoarol,2,,
312,zingiber,2,,
313,zingiber officinale,2,,
314,zto,2,,
315,"""different diseases same treatment""",1,,
316,"""same disease different management""",1,,
317,"(+)-germacrone-4,5-epoxide",1,,
318,(+)-zedoalactone a,1,,
319,"(1r, 4r, 5s, 10s)-zedoalactone b",1,,
320,"(1r,4r,5s,7s)-curwenyujinone",1,,
321,(4s)-4-hydroxy- gweicurculactone,1,,
322,"(4s,5s)-(+)-germacrone",1,,
323,"(4s,5s)-(+)-germacrone 4,5-epoxide",1,,
324,"(4s,5s)-germacrone",1,,
325,(e)-Ó≤-farnesene,1,,
326,1,1,,
327,"1,8 cineole",1,,
328,1.8-cineole,1,,
329,10-methyl guaianediol,1,,
330,12-o-tetradecanoylphorbol-13-acetate (tpa)-induced edema,1,,
331,13-hydroxy-1-oxocurzerenone,1,,
332,13-hydroxygermacrone,1,,
333,13c nmr.,1,,
334,16s streptomyces,1,,
335,18s rdna,1,,
336,"1Ó≤, 5Ó±-guaiane-4Ó≤, 10Ó±-diol-6-one",1,,
337,"2,2-diphenyl -1-picryl hydrazyl",1,,
338,3-indole butyric acid (iba),1,,
339,4- epicurcumenol,1,,
340,4-chromanol,1,,
341,4t1 breast cancer cells,1,,
342,50% inhibition concentration (ic50),1,,
343,5„Åmp-activated protein kinase,1,,
344,8-cineole,1,,
345,9-oxo-neoprocurcumenol,1,,
346,a-amylase enzyme,1,,
347,a-curcumene,1,,
348,‰Äyurveda,1,,
349,a549 cell,1,,
350,a549/ddp cell,1,,
351,a549/ddp cells,1,,
352,abad l-i-adwiya,1,,
353,abcb1,1,,
354,absolute stereostructure,1,,
355,absorption,1,,
356,absorption mechanism,1,,
357,abts radical,1,,
358,acetic acid,1,,
359,acetyl acetate,1,,
360,acetylcholinesterase,1,,
361,acetylcholinesterase inhibitory activity,1,,
362,acid output,1,,
363,actinobacteria,1,,
364,action mechanism,1,,
365,active compound,1,,
366,active compounds,1,,
367,active constituents,1,,
368,active ingredient,1,,
369,acupuncture-moxibustion,1,,
370,acute lung injury,1,,
371,acute toxicity,1,,
372,adhesion molecules,1,,
373,adina cordifolia,1,,
374,adjuvant,1,,
375,adme,1,,
376,adriamycin,1,,
377,adsorption rate,1,,
378,adulterants,1,,
379,adulticidal activity,1,,
380,adulticide,1,,
381,advanced epithelial ovarian cancer,1,,
382,adventitious bud,1,,
383,adverse reactions,1,,
384,aeng-kankunbi-tang,1,,
385,aerosil/hpmcas ratio,1,,
386,affinity columns,1,,
387,aflatoxin b1 producing fungi,1,,
388,afzelin,1,,
389,aging,1,,
390,agonist,1,,
391,ags cell line,1,,
392,ai du qing,1,,
393,akt/mtor,1,,
394,akt/nf-Ó∫b,1,,
395,albizzia julibrissin,1,,
396,alcohol-induced drunkenness,1,,
397,aldose reductase inhibitor,1,,
398,allamanda cathartica,1,,
399,allicin,1,,
400,alpha-glucosidase inhibitor,1,,
401,alpinia galanga,1,,
402,alpinia officinarum,1,,
403,alzheimer's disease,1,,
404,alzheimer‚Äôs disease,1,,
405,amentoflavone,1,,
406,amikacin,1,,
407,amomum zerumbeth,1,,
408,amp-activated protein kinase,1,,
409,ampk,1,,
410,ampkÓ±,1,,
411,amplification- refractory mutation system (arms),1,,
412,amplification-refractory mutation system,1,,
413,amplified fragment length polymorphism,1,,
414,amraharidra,1,,
415,amylase,1,,
416,amylose,1,,
417,analgesia,1,,
418,analgesic action,1,,
419,analgesic activity,1,,
420,and antimicrobial activity,1,,
421,angong niuhuang pills,1,,
422,animal model,1,,
423,anopheles dirus,1,,
424,anopheles minimus,1,,
425,anopheles minimus.,1,,
426,anthelmintic,1,,
427,anti-aging,1,,
428,anti-androgen,1,,
429,anti-angiogenesis,1,,
430,anti-arthritic,1,,
431,anti-cancer activity,1,,
432,anti-hyperglycemic,1,,
433,anti-inflammatory ingredient,1,,
434,anti-inflammatory properties,1,,
435,anti-influenza virus,1,,
436,anti-liver cancer,1,,
437,anti-metastasis breast cancer activity,1,,
438,anti-metastatic,1,,
439,anti-mutagenic activity,1,,
440,anti-platelet aggregation,1,,
441,anti-radical power,1,,
442,anti-tyrosinase,1,,
443,anti-virus,1,,
444,antiandrogen,1,,
445,antiapoptosis,1,,
446,antibabesial activity,1,,
447,antibacterial and antifungal activity,1,,
448,antibacterial potential,1,,
449,antibiofilm activity,1,,
450,anticancer agent,1,,
451,anticancer agents,1,,
452,anticancer drugs,1,,
453,anticancer therapy,1,,
454,anticandida,1,,
455,anticandidal activity,1,,
456,anticholinesterase,1,,
457,anticlastogenic effects,1,,
458,antidiabetic,1,,
459,antifibrotic agents,1,,
460,antifungal resistance,1,,
461,antifusarium,1,,
462,antihemolysis,1,,
463,antihyperglycemic,1,,
464,antiinflammation,1,,
465,antiinflammatory,1,,
466,antiinflammatory drug,1,,
467,antileukemia,1,,
468,antimelanogenic,1,,
469,antimicrobial assay,1,,
470,antimutagenic effect,1,,
471,antineoplastic agents (tcd),1,,
472,"antineoplastic agents, phytogenic [*therapeutic use]",1,,
473,antinociceptive,1,,
474,antinociceptive activity,1,,
475,antioxidant effect,1,,
476,antioxidant enzymes,1,,
477,antioxidative,1,,
478,antioxidative activity,1,,
479,antiphytopthora,1,,
480,antiproliferative,1,,
481,antiproliferative effect,1,,
482,antiproliferative property,1,,
483,antipsoriatic activity,1,,
484,antitumor,1,,
485,antitumor activity against sarcoma 180,1,,
486,antitussive activity,1,,
487,antivirus,1,,
488,apium graveolens,1,,
489,apoe knockout mice,1,,
490,apoptosis regulator bcl-2,1,,
491,application rules,1,,
492,aquaculture,1,,
493,ar-curcumene,1,,
494,"ar-turmerone, curlone",1,,
495,aristolochia rotunda,1,,
496,aristolochic acids,1,,
497,aromatic herbs,1,,
498,aromatic plants,1,,
499,arsha,1,,
500,artemia salina leach,1,,
501,artemisia sieversiana,1,,
502,arthritis,1,,
503,ascites,1,,
504,aseptic explants,1,,
505,asparagus racemosa,1,,
506,asteraceae,1,,
507,atomic absorption spectrophotometer,1,,
508,attachment inhibitior,1,,
509,avian influenza virus,1,,
510,avicenna,1,,
511,babesia gibsoni,1,,
512,bacterial wilt,1,,
513,bacteriostasis,1,,
514,bcb,1,,
515,bcl-xl,1,,
516,behavioral study,1,,
517,benign prostate hyperplasia,1,,
518,benzo[a]pyrene,1,,
519,benzyladenine (ba),1,,
520,bhavaprakash nighantu,1,,
521,bilobetin,1,,
522,bio-herbicide,1,,
523,bioactive,1,,
524,bioactive chemical constituents,1,,
525,bioassay,1,,
526,bioassay test,1,,
527,biodegradable,1,,
528,biofilm,1,,
529,biofilm degradation,1,,
530,biogenetic-type chemical conversion,1,,
531,bioinformatics,1,,
532,bioinformatics analysis,1,,
533,biological,1,,
534,bioreactor,1,,
535,biosynthesis,1,,
536,biosynthetic pathway,1,,
537,bisabol oxide a,1,,
538,"bisabola-1,10-diene, 3,4-dihydroxy-",1,,
539,bisabolanes,1,,
540,bivariate correlation analysis,1,,
541,black turmeric,1,,
542,bladder cancer,1,,
543,blood alcohol concentrations,1,,
544,blood viscosity,1,,
545,boerhaavia diffusa,1,,
546,borneo ethnobotany,1,,
547,botanical fungicide,1,,
548,botanical identity,1,,
549,botrytis cinerea,1,,
550,brassica juncea,1,,
551,breast cancer cell lines,1,,
552,breast cancer chemosensitivity,1,,
553,breast cancer stem cells,1,,
554,breeding and varieties,1,,
555,brine shrimp,1,,
556,bucherer-bergs reaction,1,,
557,bud dormancy,1,,
558,bushen huayu jiedu recipe,1,,
559,butyrylcholineseterase,1,,
560,bv-2 microglial cells,1,,
561,c-met kinase,1,,
562,c. aeruginosa,1,,
563,c. amada,1,,
564,c. domestica: zingiberaceae. cytotoxicity,1,,
565,c. zedoa,1,,
566,c.zedoaria,1,,
567,ca2+ channel blocker,1,,
568,caco-2,1,,
569,caco-2 cell absorption model,1,,
570,caesalpinia sappan,1,,
571,calcium oxalate,1,,
572,callistemon citrinus,1,,
573,calotropis procera,1,,
574,camellia sinensis,1,,
575,candida albicans,1,,
576,candidiasis,1,,
577,caov3 cells,1,,
578,carabrane-type sesquiterpene,1,,
579,caraway,1,,
580,carbon source,1,,
581,carboplatin,1,,
582,carcinogenesis,1,,
583,"carcinoma, non-small-cell lung",1,,
584,cardiovascular and cerebrovascular diseases,1,,
585,cardiovascular drugs,1,,
586,cardiovascular herbs,1,,
587,carrageenan,1,,
588,carum carvi,1,,
589,carvacrol,1,,
590,caspase-3,1,,
591,caspase9,1,,
592,cassava,1,,
593,cassia siamea,1,,
594,cat d,1,,
595,cat k,1,,
596,caveolin-1,1,,
597,cc-nbs-lrr,1,,
598,cdkn1,1,,
599,cell apoptosis,1,,
600,cell extract,1,,
601,cell membrane injury,1,,
602,cell migration,1,,
603,cell signal transduction,1,,
604,cell suspension culture,1,,
605,cell viability assay,1,,
606,cells suspension,1,,
607,central analgesic effect,1,,
608,central kalimantan,1,,
609,central kalimantan plant,1,,
610,cerebral ischemia/reperfusion (i/r),1,,
611,challenges,1,,
612,chamomilla recutita,1,,
613,chelating effect,1,,
614,chemical analysis,1,,
615,chemical constituent,1,,
616,chemical proteomics,1,,
617,chemo-sensitization,1,,
618,chemokine cx3cl1,1,,
619,chemometric,1,,
620,chemometrics,1,,
621,chemoresistance,1,,
622,chemotherapeutics,1,,
623,chinese herbs,1,,
624,chinese material medica,1,,
625,chitosan,1,,
626,chloramultiol g,1,,
627,chloranthaceae,1,,
628,chloranthus,1,,
629,chloranthus serratus (thunb.) roem et schult,1,,
630,chloranthus sw.,1,,
631,chloroplast dna,1,,
632,cholesterol,1,,
633,choriocarcinoma,1,,
634,chromosomal aberration assay,1,,
635,chronic diseases,1,,
636,chronic myelogenous leukemia,1,,
637,chronic respiratory disease,1,,
638,chrysanthemum indicum,1,,
639,cinnamomum zeylanicum,1,,
640,cisplatin resistance,1,,
641,classification,1,,
642,cleaved caspase-9,1,,
643,clinical oncology,1,,
644,clioma,1,,
645,clonal propagation,1,,
646,cnidii rhizoma,1,,
647,co2,1,,
648,coagulation,1,,
649,cobra-bite antidote,1,,
650,cobra venom,1,,
651,collagen,1,,
652,collagen-i,1,,
653,collagen deposition,1,,
654,collagen fibril morphology,1,,
655,colon cancer,1,,
656,colorimetric,1,,
657,combination index,1,,
658,combination of herbal extracts,1,,
659,complementary medicine,1,,
660,compositae,1,,
661,compound biejia ruangan prescription,1,,
662,comprehensive two-dimensional gas chromatography,1,,
663,constitutive expression,1,,
664,contact toxicity,1,,
665,cough,1,,
666,coumarin,1,,
667,countercurrent chromatography,1,,
668,cox-2 inhibitors,1,,
669,cpdna,1,,
670,creatine kinase,1,,
671,critically threatened,1,,
672,crosstalk,1,,
673,crystallinity,1,,
674,culex quinquefasciatus,1,,
675,cultivation,1,,
676,cultivation and processing,1,,
677,cumin,1,,
678,cuminum cyminum,1,,
679,curacuma aromtica salisb.,1,,
680,curcarabranol,1,,
681,curcuma aeruginosa ( = c.zedoaria),1,,
682,curcuma angustifolia,1,,
683,curcuma aromatica oil,1,,
684,curcuma caesia,1,,
685,curcuma caesiaroxb,1,,
686,curcuma cf. amada roxb,1,,
687,curcuma cf. viridiflora roxb.,1,,
688,curcuma drug,1,,
689,curcuma elata,1,,
690,curcuma glans,1,,
691,curcuma haritha,1,,
692,curcuma herbs,1,,
693,curcuma leucorrhiza roxb,1,,
694,curcuma officinalis,1,,
695,curcuma picta,1,,
696,curcuma sattayasaii a. chaveerach & r. sudmoon,1,,
697,curcuma sp. in yakushima,1,,
698,curcuma speciosa,1,,
699,curcuma spp,1,,
700,curcuma wenyujin y.h. chen et c. ling rhizome,1,,
701,curcuma xanthorrrhiza,1,,
702,curcuma zadoaria,1,,
703,curcuma zanthorrhiza,1,,
704,curcuma zedoaria (berg.) rosc. essential oil,1,,
705,curcuma zedoaria and gloriosa superb,1,,
706,curcuma zedoaria essential oil,1,,
707,curcuma zedoaria extract,1,,
708,curcuma zedoaria leaves,1,,
709,curcuma zedoaria polysaccharide,1,,
710,curcuma zedoaria rhizome,1,,
711,curcuma zedoaria rosc.,1,,
712,curcuma zedoariae,1,,
713,curcuma zedoaroides a. chaveerach & t. tanee,1,,
714,curcuma zedoaroides rhizome,1,,
715,curcuma zerumbet,1,,
716,curcumae longae rhizoma,1,,
717,curcumae rhizoma-sparganii rhizoma,1,,
718,curcumae wenyujin,1,,
719,curcumanolide a,1,,
720,curcumanolide b,1,,
721,curcumin and curcumol,1,,
722,curcumin cells,1,,
723,curcumin synthase genes,1,,
724,curcuminiods,1,,
725,curcuminoid genes,1,,
726,curcuminoid metabolic pathway,1,,
727,curcuminol d,1,,
728,curcumins,1,,
729,curcuzederone,1,,
730,curvularia lunata,1,,
731,curzeone,1,,
732,curzerene,1,,
733,cyclooxygenase,1,,
734,cyclooxygenase-2 (cox-2),1,,
735,cyclooxygenase pathway,1,,
736,cyclopropanes,1,,
737,cyclopropanosesquiterpene,1,,
738,cymbopogon martini var. martini,1,,
739,cyp inhibition,1,,
740,cyp3a4,1,,
741,cyp450,1,,
742,cytochrome b,1,,
743,cytochrome c,1,,
744,cytochrome p450,1,,
745,cytokines,1,,
746,cytostatic activity,1,,
747,cytotoxic,1,,
748,cytotoxic effects,1,,
749,dactinomycin,1,,
750,damage caused by rats,1,,
751,data mining,1,,
752,data warrior,1,,
753,daughter rhizome,1,,
754,dayak community,1,,
755,de novo sequencing,1,,
756,degradation,1,,
757,degranulation inhibitor,1,,
758,dehydrocurdion,1,,
759,dementia,1,,
760,dendrogram,1,,
761,dephne pseudogenkwa,1,,
762,dermacentor nitens,1,,
763,development stages,1,,
764,dft,1,,
765,diabetes mellitus,1,,
766,diabetic wound healing,1,,
767,dicliptera bupleuroides,1,,
768,diclofenac sodium,1,,
769,dietary plant,1,,
770,dihydrocurdione,1,,
771,diketide-coa synthase,1,,
772,diketide-coa synthase gene,1,,
773,dimethenamid,1,,
774,direct chemical derivatization,1,,
775,disc diffusion,1,,
776,disc diffusion technique,1,,
777,discriminatory components,1,,
778,disease,1,,
779,dissolution in vitro,1,,
780,disturbance pharmacopoeia,1,,
781,diterpene,1,,
782,diterpenes,1,,
783,dmh,1,,
784,dna barcoding,1,,
785,dna damage,1,,
786,dna methylation,1,,
787,dna microarray,1,,
788,dna sequencing,1,,
789,dna topoisomerase ii,1,,
790,dnmt1,1,,
791,docetaxel,1,,
792,docking,1,,
793,dogs,1,,
794,dormancy,1,,
795,dpph radical scavenging,1,,
796,dpy19l2,1,,
797,droplet size,1,,
798,drosophila melanogaster,1,,
799,drug-drug interaction,1,,
800,drug-metabolizing enzyme inhibitors,1,,
801,drug distribution,1,,
802,drug loading,1,,
803,drug release,1,,
804,drug retention,1,,
805,drug substitution,1,,
806,drug target,1,,
807,"drugs, chinese herbal",1,,
808,dry emulsion,1,,
809,dry powder inhaler,1,,
810,e-anethole,1,,
811,e. coli o157:h7,1,,
812,ecological apparency,1,,
813,ecological distribution,1,,
814,economic botany,1,,
815,edible plant,1,,
816,effects on vasomotion,1,,
817,efficacy,1,,
818,eggs per gram,1,,
819,ehec,1,,
820,electric nose,1,,
821,electrocardiography,1,,
822,electron paramagnetic resonance,1,,
823,elemene emulsion injection,1,,
824,elemental composition,1,,
825,elephantiasis,1,,
826,elicitor,1,,
827,elisa,1,,
828,ellagic acid,1,,
829,embedding rate,1,,
830,emcv,1,,
831,emulsion,1,,
832,en-lueang,1,,
833,encapsulation,1,,
834,endophytic fungus,1,,
835,endothelial cell dysfunction,1,,
836,endothelial cells,1,,
837,endothelial function,1,,
838,endothelialization,1,,
839,enteric-soluble,1,,
840,enterohaemorrhagic escherichia coli,1,,
841,enzyme kinetics,1,,
842,epi-curzerenone,1,,
843,epicatechin,1,,
844,epicurzerenone,1,,
845,epidermal growth factor receptor,1,,
846,epoxide configuration,1,,
847,erÓ±,1,,
848,ericaceae,1,,
849,erk,1,,
850,erk1/2,1,,
851,erlotinib,1,,
852,erndlia subpersonata,1,,
853,erosive esophagitis,1,,
854,esophageal cancer,1,,
855,estradiol,1,,
856,estrogen inhibition,1,,
857,estrogen receptor a (era),1,,
858,estrogen receptors,1,,
859,ethanol,1,,
860,etheric oils,1,,
861,ethnic-nanomedicine,1,,
862,ethnobotani,1,,
863,ethnobotanical survey,1,,
864,ethnobotany,1,,
865,ethnopharmacology,1,,
866,ethylene glycol,1,,
867,eucalyptus globules,1,,
868,eucalyptus globulus eo,1,,
869,eudesmane.,1,,
870,eudragit e100,1,,
871,excipient,1,,
872,exosome,1,,
873,expectorants,1,,
874,expressions,1,,
875,external treatment,1,,
876,extracellular matrix (ecm),1,,
877,extracellular signal-regulated map kinases,1,,
878,extracts,1,,
879,ezhu,1,,
880,female rats,1,,
881,fertility,1,,
882,fibroblast,1,,
883,fibroids,1,,
884,filariasis,1,,
885,fillers,1,,
886,fingerprinting chemical descriptors,1,,
887,flash evaporation,1,,
888,flavone,1,,
889,flavonoid,1,,
890,floriculture,1,,
891,flow-mediated vasodilation,1,,
892,flower seasonality,1,,
893,food analysis,1,,
894,food composition,1,,
895,food poisoning method,1,,
896,food safety,1,,
897,formulation,1,,
898,formyl phloroglucinol meroterpenoids,1,,
899,forsythia corea,1,,
900,frap,1,,
901,free radicals,1,,
902,freeze-drying,1,,
903,fructokinase,1,,
904,fructose-fed rats,1,,
905,fruit rot,1,,
906,ft-ir,1,,
907,ftir spectroscopy,1,,
908,fumaria indica,1,,
909,fumigant,1,,
910,functional food,1,,
911,furanocadinane,1,,
912,furanogermacrane sesquiterpene 1h nmr,1,,
913,furanogermacrane sesquiterpene x-ray analysis,1,,
914,furanoguaiane,1,,
915,fusarium,1,,
916,fusarium head blight,1,,
917,fusarium sacchari,1,,
918,fusarium spp,1,,
919,fusiform initials,1,,
920,gajutsulactone,1,,
921,galactose,1,,
922,galactosylated,1,,
923,galactosylated-liposomes,1,,
924,galactosylated-stearate,1,,
925,galangal,1,,
926,gap-43,1,,
927,garcinia mangostana,1,,
928,garo tribe,1,,
929,gas chomatography,1,,
930,gas chromatography-mass spectrometer,1,,
931,gas chromatography-mass spectrometry,1,,
932,gas chromatography‚Äîmass spectrometry,1,,
933,gaseous phase,1,,
934,gastric gancer,1,,
935,gastric lesion,1,,
936,gastric secretion,1,,
937,gate-penetration,1,,
938,gc-ms metabolomics,1,,
939,gc/ms,1,,
940,gc„ógc-,1,,
941,gc‚Äìms,1,,
942,gelatin microspheres,1,,
943,gene,1,,
944,gene-protein,1,,
945,gene expression,1,,
946,gene expression profiling,1,,
947,genetic fidelity,1,,
948,genetic resources,1,,
949,genome size,1,,
950,genotoxicity,1,,
951,geraniol,1,,
952,geranyl acetate,1,,
953,germacrane,1,,
954,germacrane-type sesquiterpene,1,,
955,germacrane x-ray analysis,1,,
956,germacranes,1,,
957,"germacrone-4,5-epoxide",1,,
958,germacrone derivative,1,,
959,germacrone epoxide,1,,
960,germancrone,1,,
961,germination inhibition,1,,
962,ginseng,1,,
963,ginsenosides,1,,
964,gleditchia officinalis,1,,
965,gli1,1,,
966,glioblastoma,1,,
967,glucose consumption,1,,
968,glutathione,1,,
969,glycation,1,,
970,glycerol,1,,
971,glycolysis,1,,
972,glycosidases,1,,
973,granulosa cell culture,1,,
974,graphene oxide,1,,
975,green tea,1,,
976,growth cycle,1,,
977,growth duration,1,,
978,guaiane-sesquiterpenoid x-ray analysis,1,,
979,guaiane-type sesquiterpene lactones,1,,
980,guaiane-type sesquiterpenes,1,,
981,guaiane sesquiterpene,1,,
982,guaiane sesquiterpene lactones,1,,
983,guaiane.,1,,
984,guaianes,1,,
985,guaianolide,1,,
986,guiyujin,1,,
987,gweicurculactone,1,,
988,gyrodactylus kobayashii,1,,
989,h5n1,1,,
990,haemorrhagic uremic syndrome,1,,
991,halitosis,1,,
992,hallmarks of cancer,1,,
993,haptoglobin,1,,
994,hawana,1,,
995,head lice egg,1,,
996,healing ligament,1,,
997,hedgehog,1,,
998,hedychium coronarium j. koenig,1,,
999,hedyotis diffusa,1,,
1000,hela cells,1,,
1001,hemagglutinating activity,1,,
1002,hematology,1,,
1003,hemolytic effects,1,,
1004,hemorrhoids,1,,
1005,hepatic arterial embolization,1,,
1006,hepatic myofibroblasts (hmf),1,,
1007,hepatic stellate cells,1,,
1008,hepatocarcinoma,1,,
1009,hepatoprotective,1,,
1010,hepatprotective activity,1,,
1011,hepg2 cell,1,,
1012,herb,1,,
1013,herb-herb combination,1,,
1014,herb extracts,1,,
1015,herb‚Äìdrug interaction,1,,
1016,herbal contraindications for pregnancy,1,,
1017,herbal drug,1,,
1018,herbal drugs,1,,
1019,herbal extracts,1,,
1020,herbal markets,1,,
1021,herbal massage ball,1,,
1022,herbal medicines,1,,
1023,herbal pharmacovigilance,1,,
1024,herbal product,1,,
1025,herbal tea,1,,
1026,hierarchical cluster analysis,1,,
1027,hif-1-Ó±,1,,
1028,high-quality,1,,
1029,high-resolution computerizd tomography,1,,
1030,high performance liquid chromatography,1,,
1031,high resolution mass spectrometry,1,,
1032,high resolution melting,1,,
1033,histamine,1,,
1034,histochemical,1,,
1035,histone deacetylases,1,,
1036,histopathology,1,,
1037,historical evolution,1,,
1038,historical indications,1,,
1039,hmg-coa reductase,1,,
1040,hmg co-a reductase,1,,
1041,holarrhena antidysentrica,1,,
1042,horses,1,,
1043,hot dispersion-cool solidification method,1,,
1044,hplc-ms/ms,1,,
1045,hsc-3,1,,
1046,hscs: hepatic stellate cells,1,,
1047,hsl,1,,
1048,human gastric carcinoma cell strain,1,,
1049,human hepatic myofibroblasts (hmf),1,,
1050,human hepatoma cell line,1,,
1051,human liver microsomes,1,,
1052,human melanoma a375 cell line,1,,
1053,human ovarian cancer cell skov3,1,,
1054,human retinal capillary endothelial cells,1,,
1055,human serum albumin,1,,
1056,humoralpathology,1,,
1057,hus,1,,
1058,huvec cells,1,,
1059,hydantoin,1,,
1060,hydroxyl radical scavenging assay,1,,
1061,hypericum perforatum,1,,
1062,hyphenation techniques,1,,
1063,hypothalamic-pituitary-gonads axis (hpga),1,,
1064,i depigmenting,1,,
1065,Ó¥-cadinene,1,,
1066,Óí-elemene,1,,
1067,Ó±-glucosidase inhibition,1,,
1068,Ó±-smooth muscle actin,1,,
1069,"Ó±-zingiberene,",1,,
1070,Ó±Ó≤-unsaturated ketone cd,1,,
1071,Ó≤- elemene,1,,
1072,Ó≤-eudesmol,1,,
1073,Ó≤-sesquiphellandrene,1,,
1074,Ó≤-sitosterol,1,,
1075,Ó≤-tubulin,1,,
1076,Ó≤2-adrenoceptor agonists,1,,
1077,Ó≤Ó≥-unsaturated ketone cd,1,,
1078,icp-aes,1,,
1079,ifn-Ó≤,1,,
1080,igf-1r,1,,
1081,il-8,1,,
1082,illicium verum,1,,
1083,immobilized nanoparticles,1,,
1084,immune response,1,,
1085,immune system,1,,
1086,immunohistochemistry,1,,
1087,immunology,1,,
1088,immunomodulation,1,,
1089,immunoregulatory effects,1,,
1090,in-stent restenosis,1,,
1091,in-vivo & in-vitro anti-inflammatory activity,1,,
1092,in situ single pass perfusion model,1,,
1093,in vitro,1,,
1094,in vitro culture,1,,
1095,in vitro drug release,1,,
1096,in vitro percutaneous permeability,1,,
1097,in vivo-in vitro activity,1,,
1098,in vivo antifungal activity,1,,
1099,increasing activity exhaustive,1,,
1100,indian gray mongoose,1,,
1101,indigenous knowledge,1,,
1102,individualization in the management of cancer patients,1,,
1103,indole 3-carbaldehyde,1,,
1104,"indoleamine-2, 3-dioxygenase-1",1,,
1105,indonesian medicinal plants,1,,
1106,inducible nitric oxide synthase,1,,
1107,inducible nitric oxide synthase (inos),1,,
1108,infantile hemangioma,1,,
1109,inflammatory-pathway,1,,
1110,inflammatory cells,1,,
1111,inflammatory mediator,1,,
1112,influenzavirus,1,,
1113,infrared spectroscopy,1,,
1114,ingredients,1,,
1115,inhibition,1,,
1116,inhibitor,1,,
1117,inhibitor elastase,1,,
1118,inhibitors,1,,
1119,inhibitory activity on neutrophil pro-inflammatory responses,1,,
1120,inner structure,1,,
1121,inos,1,,
1122,inos inhibitors,1,,
1123,insecticidal activity,1,,
1124,insecticidal and aromatica,1,,
1125,insecticidal constituents,1,,
1126,insulin receptor,1,,
1127,insulin resistance,1,,
1128,insulin resistant,1,,
1129,integration of tcm and modern medicine,1,,
1130,internucleosomal dna,1,,
1131,interspecific,1,,
1132,interventional medicine,1,,
1133,invasion,1,,
1134,ipmk,1,,
1135,irinotecan,1,,
1136,isobornyl alcohol,1,,
1137,isolated compounds,1,,
1138,isozedoarondiol,1,,
1139,its,1,,
1140,jadvar,1,,
1141,jajpur odisha,1,,
1142,jamu,1,,
1143,jeong dan whan,1,,
1144,jian-gan-xiao-zhi decoction,1,,
1145,jiang-tang-ke-li (jtkl),1,,
1146,jiao'e mixture,1,,
1147,jnk,1,,
1148,justicia gendarussa,1,,
1149,k. pandurata,1,,
1150,kaempferia galanga,1,,
1151,kaempferia parviflora,1,,
1152,kaempferia rotunda l.,1,,
1153,kahayan hilir,1,,
1154,kanto,1,,
1155,kanto area,1,,
1156,keratinocyte,1,,
1157,khon kaen,1,,
1158,king cobra antivenom,1,,
1159,kle cells,1,,
1160,korean plants,1,,
1161,label-free cell phenotypic assay,1,,
1162,lactate dehydrogenase,1,,
1163,lahore,1,,
1164,lamiaceae,1,,
1165,larvicidal activity,1,,
1166,larvicide,1,,
1167,laryngeal cancer,1,,
1168,lc-ms,1,,
1169,lc/ms,1,,
1170,leaves,1,,
1171,leonurus cardiac,1,,
1172,lethal concentration (lc),1,,
1173,leucocytospermia,1,,
1174,leukemic cell,1,,
1175,light scattering,1,,
1176,lignan,1,,
1177,linalool,1,,
1178,linear regression,1,,
1179,linoleic acid,1,,
1180,lipid-based formulation,1,,
1181,lipid-based systems,1,,
1182,lipid formulation classification system,1,,
1183,lipid nanoparticle,1,,
1184,lipopolysaccharide (lps),1,,
1185,liposomal gel,1,,
1186,liposome,1,,
1187,liposome gel,1,,
1188,liquid chromatography,1,,
1189,liquid shake flask system,1,,
1190,listeria monocytogenes,1,,
1191,litsea cubeba,1,,
1192,liver,1,,
1193,liver-targeting reagents,1,,
1194,liver ailments,1,,
1195,liver alcohol dehydrogenase,1,,
1196,liver diseases,1,,
1197,liver fbrosis,1,,
1198,liver fibrosis,1,,
1199,liver protection,1,,
1200,liver targeting accumulation,1,,
1201,liver targeting reagents,1,,
1202,lncap cell,1,,
1203,local healers,1,,
1204,localized scleroderma,1,,
1205,logarithmic reduction,1,,
1206,lonicera japonica,1,,
1207,lps,1,,
1208,lung carcinoma,1,,
1209,lung neoplasms [*drug therapy],1,,
1210,lysine-specific histone demethylase 1 inhibitor,1,,
1211,macrophage,1,,
1212,macrophages,1,,
1213,mah-lueang,1,,
1214,maillard reaction,1,,
1215,maldi-tof ms,1,,
1216,maldi-tof/tof,1,,
1217,malignant plural effusion,1,,
1218,malto-oligosaccharides,1,,
1219,mandarin vole (microtus mandarinus),1,,
1220,mango turmeric,1,,
1221,manipulation,1,,
1222,mannose-binding lectin,1,,
1223,manometry,1,,
1224,mapk,1,,
1225,marked examples,1,,
1226,market samples,1,,
1227,mass spectrometry,1,,
1228,mastitis,1,,
1229,matched case-control study,1,,
1230,matrix metalloproteinase-13,1,,
1231,matrix metalloproteins,1,,
1232,maxingshigan-weijing,1,,
1233,mcf-7,1,,
1234,mcf-7 cells,1,,
1235,mda-mb231,1,,
1236,mdck cell,1,,
1237,mdr1,1,,
1238,mebendazole,1,,
1239,mechanical,1,,
1240,mechanism of action,1,,
1241,mechanisms of action,1,,
1242,medical therapy,1,,
1243,medicinal food,1,,
1244,medicinal foodstuff,1,,
1245,medicinal utility of the plants,1,,
1246,medicine,1,,
1247,"medicine, chinese traditional",1,,
1248,meiotic figure,1,,
1249,melanin,1,,
1250,melanin reduction,1,,
1251,melanogenesis,1,,
1252,melanoma,1,,
1253,melanoma growth,1,,
1254,melt-emulsification technique,1,,
1255,memory,1,,
1256,mentha canadensis,1,,
1257,menthol,1,,
1258,menthone,1,,
1259,metabolic pattern,1,,
1260,metabolic regulation,1,,
1261,metabolic reprogramming,1,,
1262,metabolism,1,,
1263,metabolite profiling,1,,
1264,metabolomics,1,,
1265,methoxyflavone,1,,
1266,methyl gallate,1,,
1267,mevalonate,1,,
1268,mexameter based evaluation,1,,
1269,mice,1,,
1270,mice hepatocarcinoma h22,1,,
1271,micro-jet,1,,
1272,microcapsule,1,,
1273,microfilaria,1,,
1274,microglia,1,,
1275,micronucleus assay,1,,
1276,microrhizome,1,,
1277,microrna-15a,1,,
1278,microscopic identification,1,,
1279,microscopy,1,,
1280,microvascular angina pectoris,1,,
1281,migration,1,,
1282,milk,1,,
1283,mineral,1,,
1284,minimum bactericidal concentration,1,,
1285,minimum inhibitory concentration,1,,
1286,mint,1,,
1287,mitochondrial activation,1,,
1288,mitochondrial membrane potential,1,,
1289,mitogen-activated protein kinase,1,,
1290,mixed chow,1,,
1291,mlk3,1,,
1292,mmp-1,1,,
1293,mn-sod,1,,
1294,mn-tbap,1,,
1295,molecular dynamics simulations,1,,
1296,molecular mechanisms,1,,
1297,molecular targeted therapy,1,,
1298,monogenean,1,,
1299,morphogenesis,1,,
1300,morphological characteristics,1,,
1301,morphological characters,1,,
1302,morphology,1,,
1303,mortalin inhibitor,1,,
1304,mosquito control,1,,
1305,mouse,1,,
1306,mouse tail model,1,,
1307,mouse vaginal model,1,,
1308,mouth neoplasms,1,,
1309,mouthrinse,1,,
1310,mouthwashes,1,,
1311,mrna,1,,
1312,ms/ms,1,,
1313,mtor/ p70s6k,1,,
1314,mucosal protective agent,1,,
1315,multidimensional separations,1,,
1316,multiple sequence alignment,1,,
1317,multiplication,1,,
1318,multistalactones a-f,1,,
1319,murine ascites hepatocarcinoma cell,1,,
1320,muscle fiber composition,1,,
1321,mushroom tyrosinase,1,,
1322,mutation,1,,
1323,myanmar,1,,
1324,myanmar medicinal plant,1,,
1325,mycelial,1,,
1326,mycobacterium tuberculosis,1,,
1327,mycotoxins,1,,
1328,myristica fragrans,1,,
1329,mytilus edulis galloprovincialis,1,,
1330,nadh5,1,,
1331,nano-phyto formulation,1,,
1332,nanoparticle drug delivery of systems,1,,
1333,nanoparticles,1,,
1334,nanostructured lipid carrier,1,,
1335,nanostructured lipid carriers,1,,
1336,nanotechnology,1,,
1337,nasopharyngeal carcinoma,1,,
1338,natural medicines,1,,
1339,natural plant extract,1,,
1340,natural product,1,,
1341,nbs-lrr,1,,
1342,ncl,1,,
1343,necrosis,1,,
1344,neocurcumenol,1,,
1345,neocurdione,1,,
1346,neointimal,1,,
1347,neointimal hyperplasia,1,,
1348,neoplastic stem cells,1,,
1349,neurite outgrowth,1,,
1350,neurotoxicity,1,,
1351,neurotoxin,1,,
1352,nf-Ó∫b,1,,
1353,ng108-15 cells,1,,
1354,nitric oxide inhibition,1,,
1355,nitric oxide production,1,,
1356,nitric oxide production inhibitor,1,,
1357,nitroglycerin-mediated dilation,1,,
1358,nmr spectroscopy,1,,
1359,nomenclature,1,,
1360,non-classical herbal formulations,1,,
1361,non-immunied chickens,1,,
1362,non-targeted uhplc-hrms analysis,1,,
1363,non starch polysaccharides,1,,
1364,northeast india,1,,
1365,nrf2,1,,
1366,nsclc,1,,
1367,nuclear factor-Ó∫b,1,,
1368,nuclear factor erythroid-2-related factor 2,1,,
1369,nuclear magnetic resonance spectroscopy,1,,
1370,o157:h7,1,,
1371,obesity,1,,
1372,oblation,1,,
1373,ocimum basilicum,1,,
1374,oil cells,1,,
1375,oil phase,1,,
1376,oil resistant,1,,
1377,oil yield,1,,
1378,oketsu,1,,
1379,okinawa foodstuffs,1,,
1380,oleoresin,1,,
1381,olibanum,1,,
1382,open field test,1,,
1383,ophiophagus hannah,1,,
1384,optimization,1,,
1385,orac assay,1,,
1386,oral candidosis,1,,
1387,oral delivery,1,,
1388,oral glucose tolerance,1,,
1389,origanum vulgare,1,,
1390,osteoclastogenesis,1,,
1391,osteoporosis,1,,
1392,ovarian cancer cells,1,,
1393,ovary,1,,
1394,overall survival,1,,
1395,ovicide,1,,
1396,oxaliplatin,1,,
1397,oxidant,1,,
1398,oxidative modification,1,,
1399,oxygen-glucose deprivation/reperfusion,1,,
1400,p-glycoprotein,1,,
1401,p-gp,1,,
1402,p38 mapk,1,,
1403,p38mapk,1,,
1404,p53 mutan,1,,
1405,pachygone ovata,1,,
1406,paeonia suffruticosa andrew,1,,
1407,paeoniae lactiflorae radix,1,,
1408,pain,1,,
1409,palliative treatment,1,,
1410,palpitation,1,,
1411,panax,1,,
1412,pancreatic cancer,1,,
1413,pancreatic lipase,1,,
1414,papar mandi,1,,
1415,paraquat,1,,
1416,partial least squares-discriminant analysis,1,,
1417,partial least squares regression-discriminant analysis,1,,
1418,passive diffusion,1,,
1419,pathogenic fungi,1,,
1420,pathway analysis,1,,
1421,pc12 cells,1,,
1422,pca,1,,
1423,pcl microsphere,1,,
1424,pcr-rflp,1,,
1425,penicillin,1,,
1426,pentylenetetrazole,1,,
1427,pepsin output,1,,
1428,peptide synthases rna,1,,
1429,percutaneous absorption,1,,
1430,peroxynitrite,1,,
1431,petiole,1,,
1432,pharmaceutical,1,,
1433,pharmaceutical forms,1,,
1434,pharmacokinetic,1,,
1435,pharmacological activity,1,,
1436,pharmacological effects,1,,
1437,pharmacological mechanism,1,,
1438,pharmacologically active compounds,1,,
1439,phenetic analysis,1,,
1440,phenolic compounds,1,,
1441,phenolics,1,,
1442,phenylpropanoid,1,,
1443,phlai (zingiber cassumunar),1,,
1444,phlegm and blood stasis fu evil,1,,
1445,phosphate,1,,
1446,phosphoinositide 3-kinase/protein kinase b,1,,
1447,photodynamic therapy,1,,
1448,photosensitizers,1,,
1449,phylogenetic relationship,1,,
1450,physicochemical properties,1,,
1451,phyto-oestrogen,1,,
1452,phytochemical,1,,
1453,phytochemical investigation,1,,
1454,phytochemistry,1,,
1455,phytochemistry content,1,,
1456,phytocomplexes,1,,
1457,phytophthora capsici,1,,
1458,phytosomes,1,,
1459,phytotherapy [*methods],1,,
1460,pi3k i/akt/mtor,1,,
1461,pi3k iii/beclin-1/bcl-2,1,,
1462,pi3k/akt,1,,
1463,picrolonic acid,1,,
1464,pinus maritima,1,,
1465,pipataline,1,,
1466,piper betle,1,,
1467,piper longum,1,,
1468,plant-based insecticide,1,,
1469,plant complex sterility agent,1,,
1470,plant constitutions,1,,
1471,plant extract,1,,
1472,plant extracts,1,,
1473,plant products,1,,
1474,plantlets,1,,
1475,plants,1,,
1476,platelet-rich plasma exosomes (prp-exos),1,,
1477,pls,1,,
1478,poaceae,1,,
1479,pogostemon cablin,1,,
1480,polyherbal formulation,1,,
1481,polymer microsphere,1,,
1482,polyphenols,1,,
1483,polysaccharides,1,,
1484,pomegranate,1,,
1485,poorly soluble drugs,1,,
1486,porphyrins,1,,
1487,powdered crude drug,1,,
1488,prasaplai,1,,
1489,pravastatin,1,,
1490,precancerous lesion of gastric cancer,1,,
1491,preparation,1,,
1492,"primary plant qualities (warm, cold, wet, dry)",1,,
1493,processing technology,1,,
1494,procurcumenol absolute configuration,1,,
1495,prognosis,1,,
1496,prognostic analysis,1,,
1497,proliferation and apoptosis,1,,
1498,proliposomes,1,,
1499,prophylactic,1,,
1500,propionibacterium acnes,1,,
1501,protein-ligand interaction,1,,
1502,protein hydrolysate,1,,
1503,protein oxidative modification,1,,
1504,protein precipitation,1,,
1505,proteomics,1,,
1506,protist,1,,
1507,protocol,1,,
1508,prunus persica,1,,
1509,pseudomonas aeruginosa,1,,
1510,psoraleacorylifolia l.,1,,
1511,psoriasis,1,,
1512,psoriasis vulgaris,1,,
1513,puberty,1,,
1514,pulang pisau,1,,
1515,pulse wave velocity,1,,
1516,punjab,1,,
1517,pupicide,1,,
1518,pure compounds,1,,
1519,pyrrolizidine alkaloids,1,,
1520,pythium aphanidermatum,1,,
1521,qsar,1,,
1522,quaiane-type sesquiterpenes,1,,
1523,qualitative,1,,
1524,quality assurance,1,,
1525,quality marker,1,,
1526,quality of life,1,,
1527,quantitative analysis,1,,
1528,quantitative determination,1,,
1529,quantum chemical calculation,1,,
1530,rabbit,1,,
1531,rac1,1,,
1532,radical scavenging,1,,
1533,radices zedoariae,1,,
1534,radix curcumae formula,1,,
1535,radix notoginseng powder,1,,
1536,ralstonia solanacearum,1,,
1537,random forest,1,,
1538,randomized controlled trial,1,,
1539,randomized controlled trials,1,,
1540,rats,1,,
1541,raw 264.7 cells,1,,
1542,raw264.7 cells,1,,
1543,ray initials,1,,
1544,rbcl,1,,
1545,rct,1,,
1546,rdrp protein,1,,
1547,reactive oxygen species (ros),1,,
1548,recrystallization,1,,
1549,recurrent ovarian cancer,1,,
1550,red limestone,1,,
1551,reendothelialization,1,,
1552,reference library,1,,
1553,regeneration,1,,
1554,rehmanniae rhizoma),1,,
1555,relative response factors,1,,
1556,repeated seizures,1,,
1557,repellents,1,,
1558,reproductive performance,1,,
1559,reproductive toxicity,1,,
1560,resazurin,1,,
1561,research perspectives,1,,
1562,resistance gene candidates (rgcs),1,,
1563,respiratory syncytial virus,1,,
1564,response surface experiment design,1,,
1565,response surface methodology,1,,
1566,restenosis,1,,
1567,restricted herbal medicines,1,,
1568,retinoblastoma,1,,
1569,reversal of chemoresistance,1,,
1570,reversed-phase liquid chromatography,1,,
1571,rgb color sensor,1,,
1572,rheology,1,,
1573,rheum coreanum,1,,
1574,rhizoma curcumae,1,,
1575,rhizoma curcumae zedoariae,1,,
1576,rhizoma sparganii,1,,
1577,rhizome bud,1,,
1578,rhizome curcumae zedoariae/therapeutic,1,,
1579,rhizome essential oils,1,,
1580,rhizome rot,1,,
1581,rhoa,1,,
1582,rhododendron anthopogon,1,,
1583,ribosomal,1,,
1584,rituals,1,,
1585,rjg,1,,
1586,ros: reactive oxygen species,1,,
1587,rotenoid,1,,
1588,rp-hplc,1,,
1589,ryudai gold,1,,
1590,saccharomyces cerevisiae,1,,
1591,saffron,1,,
1592,salicylic acid,1,,
1593,salvia plebeia,1,,
1594,salvialane-type sesquiterpene,1,,
1595,salviplenoid a,1,,
1596,sars-cov-2,1,,
1597,scanning electron microscope,1,,
1598,scar,1,,
1599,scavenging effect,1,,
1600,schisandrachinensis,1,,
1601,schisandrol a,1,,
1602,scirpus maritimus,1,,
1603,secondary metabolism,1,,
1604,sedative action,1,,
1605,sedative activity,1,,
1606,seed rhizome,1,,
1607,self-dispersion,1,,
1608,self-emulsifying capability,1,,
1609,self-emulsifying drug delivery system,1,,
1610,self-made chinese medicine decoction,1,,
1611,self-microemulsifying,1,,
1612,self-nanoemulsifying,1,,
1613,sem-eds,1,,
1614,semecarpus anacardium,1,,
1615,semen persicae,1,,
1616,senescence,1,,
1617,separation,1,,
1618,sepsis-associated encephalopathy,1,,
1619,sesquiterpene ketone,1,,
1620,sesquiterpene lactone,1,,
1621,sesquiterpenes [*therapeutic use],1,,
1622,sesquiterpenes: curcuminoids: flavonol 3-rhamnoside,1,,
1623,sesquiterpenoids.,1,,
1624,setaria nematode,1,,
1625,sex hormone measurement,1,,
1626,sfe,1,,
1627,sgc7901 cells,1,,
1628,signaling mechanisms,1,,
1629,silver nanoparticles,1,,
1630,similarity,1,,
1631,single-nucleotide polymorphism (snp),1,,
1632,single factor experiment,1,,
1633,sirt1,1,,
1634,size exclusion chromatography,1,,
1635,skin diseases,1,,
1636,skin irritation,1,,
1637,skin lightening,1,,
1638,skov3 cells,1,,
1639,smooth muscle,1,,
1640,sobrerol,1,,
1641,sojucktang,1,,
1642,solid-state emulsion,1,,
1643,solid phase extraction,1,,
1644,solvent extraction,1,,
1645,sonneratia caseolaris,1,,
1646,sorbitol,1,,
1647,soxhlet extractor,1,,
1648,sp1,1,,
1649,spectroscopic analysis,1,,
1650,spectroscopy,1,,
1651,sphincter of oddi,1,,
1652,spices (food additives for taste),1,,
1653,spinal cord injury,1,,
1654,spiritual healing,1,,
1655,spirosesquiterpene lactones,1,,
1656,spodoptera littoralis.,1,,
1657,spontaneously hypertensive rat,1,,
1658,spray drying,1,,
1659,squamous cell carcinoma hsc-5 cell line,1,,
1660,staphylococcus aureus,1,,
1661,starch degradation,1,,
1662,starch properties,1,,
1663,starchy curcuma species,1,,
1664,stat3,1,,
1665,stat3 transcription factor,1,,
1666,stationary phases,1,,
1667,stents,1,,
1668,stereochemistry,1,,
1669,stereospermum personatum,1,,
1670,stimuli-responsive,1,,
1671,stomachic herb,1,,
1672,storage conditions,1,,
1673,streptozotocin,1,,
1674,structural requirement,1,,
1675,structure,1,,
1676,structure-activity relationships,1,,
1677,structure elucidation,1,,
1678,struvite,1,,
1679,subchronic toxicity,1,,
1680,sucrose,1,,
1681,sudan dye,1,,
1682,sumatran medicinal plants,1,,
1683,super kampung chicken,1,,
1684,supercritical fluid extraction,1,,
1685,superoxide-dismutase,1,,
1686,superoxide dismutase,1,,
1687,supplement,1,,
1688,surfactant,1,,
1689,surgery,1,,
1690,survivin,1,,
1691,sustained-release,1,,
1692,swedish bitters,1,,
1693,symptom,1,,
1694,syndrome differ treatment,1,,
1695,syndrome differentiation,1,,
1696,synergism,1,,
1697,synergistic action,1,,
1698,synergy testing,1,,
1699,synthesis: 13c nmr.,1,,
1700,synthetic oil,1,,
1701,systematic review,1,,
1702,syzygium aromaticum,1,,
1703,t47d cell line,1,,
1704,tamoxifen,1,,
1705,tap1,1,,
1706,target screening,1,,
1707,targeted affinity material,1,,
1708,targeted drug delivery,1,,
1709,targeted lc-hrms analysis,1,,
1710,taxane,1,,
1711,taxonomy,1,,
1712,tbi,1,,
1713,temperament,1,,
1714,terpene synthase,1,,
1715,terpenes and terpenoids,1,,
1716,terpenoid,1,,
1717,tertiary butyl alcohol,1,,
1718,tetrahydrocurcumin,1,,
1719,tetrasubstituted carbon,1,,
1720,tgf-Ó≤/smad pathway,1,,
1721,tgfb1,1,,
1722,thai spices,1,,
1723,thai traditional herbal formulae,1,,
1724,thai traditional medicine,1,,
1725,thai tulip,1,,
1726,thailand,1,,
1727,theriac,1,,
1728,thermal,1,,
1729,thermal stability,1,,
1730,thermo-sensitive gel,1,,
1731,thioacetamide,1,,
1732,thiol-epoxy ring opening reaction,1,,
1733,three-dimensional synchronous,1,,
1734,thrombosis,1,,
1735,thymol,1,,
1736,thyponium flageliforme,1,,
1737,time-of-flight mass spectrometry,1,,
1738,tofms,1,,
1739,total antioxidant assay,1,,
1740,total phenol content,1,,
1741,total phenolic content,1,,
1742,total phenols,1,,
1743,toxicokinetics,1,,
1744,tpc,1,,
1745,trace metals,1,,
1746,traditional,1,,
1747,traditional chinese herbs,1,,
1748,traditional chinese medicines,1,,
1749,traditional culture,1,,
1750,traditional indonesian medicine,1,,
1751,traditional korean medicine,1,,
1752,traditional persian medicine,1,,
1753,traditional phytomedicine,1,,
1754,traditional use,1,,
1755,traditional uses,1,,
1756,traf6,1,,
1757,transcriptional variability analysis,1,,
1758,transferring capability,1,,
1759,transforming growth factor beta receptor 2 (tgfbr2),1,,
1760,transmission electon micoscope,1,,
1761,trauma,1,,
1762,triple-negative breast cancer (tnbc),1,,
1763,triple negative breast cancer,1,,
1764,tropical flowers,1,,
1765,tropical horse tick,1,,
1766,trypanosoma,1,,
1767,tumor metastasis,1,,
1768,tumor microenvironment,1,,
1769,tumor necrosis factor-alpha,1,,
1770,tumor necrosis factor (tnf)-Ó±,1,,
1771,tumor response,1,,
1772,tumor volume,1,,
1773,turmeric silver nanoparticles,1,,
1774,turmeric species/strains,1,,
1775,turmerones,1,,
1776,typification,1,,
1777,tyrosinase,1,,
1778,ultrasonography,1,,
1779,ultraviolet,1,,
1780,unani medicine,1,,
1781,uplc-q/tof-ms,1,,
1782,use value index,1,,
1783,uterine cervical neoplasia,1,,
1784,uterine leiomyoma,1,,
1785,uterine leiomyosarcoma,1,,
1786,uterine myoelectricity,1,,
1787,uterus cervix,1,,
1788,uv-spectrophotometry,1,,
1789,uvb.,1,,
1790,vaginal drug administration,1,,
1791,vaginitis,1,,
1792,vascular endothelial multiplication factor,1,,
1793,vasomotion,1,,
1794,vasomotional effect,1,,
1795,vasorelaxant effect,1,,
1796,vcam-1,1,,
1797,vegetal extract,1,,
1798,vero cells,1,,
1799,verocytoxin,1,,
1800,vessel epithelial growth factor,1,,
1801,vibrio parahaemolyticus,1,,
1802,virulence factors,1,,
1803,viscosity,1,,
1804,volatile chemical profiling,1,,
1805,volatile compounds,1,,
1806,"volatile oil, stability",1,,
1807,volatile substances,1,,
1808,voleneol,1,,
1809,water extract,1,,
1810,wenjujinlactone a,1,,
1811,wenyujin rhizoma concisum,1,,
1812,wheat,1,,
1813,wheat leaf rust,1,,
1814,white blood cell,1,,
1815,wild ginger,1,,
1816,wilms‚Äô tumor 1,1,,
1817,wine,1,,
1818,withania somnifera,1,,
1819,wnt/Ó≤-catenin,1,,
1820,wnt/Ó≤-catenin signaling pathway,1,,
1821,wound healing,1,,
1822,wound healing effect,1,,
1823,x-ray analysis,1,,
1824,xanthorrhizol,1,,
1825,xingnaojing injection,1,,
1826,yeast cell-based assay,1,,
1827,yeast extract,1,,
1828,yellow zedoary,1,,
1829,yinxieling decoction,1,,
1830,yiqi jianpi yangxue decoction,1,,
1831,yugoslavian legislation,1,,
1832,yuk-hap tang (angellicae gigantis radix,1,,
1833,yunnan baiyao,1,,
1834,zanthoxylum piperitum,1,,
1835,zearalenone,1,,
1836,zedoalactone a,1,,
1837,zedoalactone b,1,,
1838,"zedoalactone d, e, f",1,,
1839,zedoalactone g,1,,
1840,zedoalactone h,1,,
1841,zedoaraldehyde,1,,
1842,zedoardiol,1,,
1843,zedoaria,1,,
1844,zedoariae rhizome,1,,
1845,zedoarofuran,1,,
1846,zedoarolide,1,,
1847,zedoary essential component-eluting stent,1,,
1848,zedoary glucose injection,1,,
1849,zedoary guaiane-type sesquiterpenes,1,,
1850,zedoary turmeric oil and glucose injection,1,,
1851,zedoary turmeric oil fat emulsion,1,,
1852,zerumbone epoxide,1,,
1853,zeta potential,1,,
1854,zingiber cassumunar,1,,
1855,zingiber cassumunar roxb,1,,
1856,zingiber zerumbet: curcuma zedoaria,1,,
1857,zingiberaceae eos,1,,
1858,zingiberaceae plants,1,,
1859,"zingiberaceae, sesquiterpenoids",1,,
1860,zingiberales,1,,
1861,zingiberceae,1,,
1862,zingibraceae,1,,
